ID,RT,Choice
1,1493,1
1,2262,1
1,2351,1
1,1933,1
1,2120,1
1,1216,1
1,1517,1
1,1291,1
1,2003,1
1,1698,1
1,1350,1
1,2062,1
1,1303,1
1,1725,1
1,2325,1
1,1629,1
1,2176,1
1,2300,1
1,2082,1
1,1968,1
1,1472,1
1,1722,1
1,1621,1
1,1989,1
1,1678,1
1,1210,1
1,2549,1
1,1886,1
1,1611,1
1,1542,1
1,1473,1
1,1579,1
1,1758,1
1,2077,1
1,1744,1
1,2959,1
1,2224,1
1,1395,1
1,1828,1
1,2101,1
1,3111,1
1,1825,1
1,2102,1
1,1856,1
1,3450,1
1,1690,1
1,2507,1
1,1994,1
1,2066,1
1,2610,1
1,2684,1
1,2185,1
1,2153,1
1,1810,1
1,2352,1
1,2558,1
1,2001,1
1,14503,0
1,2752,1
1,9538,0
1,1855,1
1,1524,1
1,2930,1
1,1720,1
1,1557,1
1,809,1
1,1977,1
1,2577,1
1,2229,1
1,2305,1
1,1619,1
1,2577,1
1,2201,1
1,2117,1
1,1816,1
1,1873,1
1,2862,1
1,1904,1
1,3325,1
1,1816,1
1,1895,1
1,2842,1
1,1398,1
1,1956,1
1,2310,1
1,5914,0
1,1634,1
1,1567,1
1,1324,1
1,19457,0
1,1521,1
1,2188,1
1,1978,1
1,1810,1
1,2488,1
1,2206,1
1,3309,1
1,1879,1
1,1915,1
1,1613,1
2,2783,1
2,1243,1
2,1195,1
2,912,1
2,1507,1
2,1530,-1
2,3323,1
2,3539,1
2,1024,1
2,2855,1
2,1617,1
2,1128,1
2,974,-1
2,1013,1
2,1941,1
2,352,-1
2,1232,1
2,568,1
2,1049,1
2,941,1
2,450,-1
2,1744,1
2,2438,1
2,1004,1
2,14470,1
2,5791,1
2,484,1
2,1174,1
2,3647,1
2,1611,1
2,970,1
2,2902,1
2,1249,1
2,1035,1
2,1433,-1
2,2570,1
2,2389,1
2,769,-1
2,1677,1
2,2470,1
2,485,1
2,2284,1
2,2402,1
2,1492,1
2,2080,1
2,3661,1
2,457,1
2,766,-1
2,1328,1
2,3028,1
2,2498,1
2,1563,1
2,753,1
2,14239,0
2,4260,1
2,1152,-1
2,1404,1
2,539,-1
2,548,-1
2,3352,1
2,1132,1
2,1549,1
2,2328,1
2,1403,1
2,4355,1
2,1060,1
2,2871,1
2,1842,1
2,1408,1
2,1033,1
2,17754,0
2,2934,1
2,2387,1
2,727,1
2,2586,1
2,1781,-1
2,3294,1
2,868,1
2,12301,0
2,2259,1
2,681,1
2,1424,0
2,778,-1
2,3238,1
2,1989,1
2,1321,1
2,3852,1
2,1306,1
2,3519,1
2,923,1
2,859,1
2,1201,1
2,1217,1
2,299,-1
2,961,1
2,2095,1
2,1848,1
2,1198,1
2,2245,1
2,1644,1
3,1220,1
3,610,1
3,455,1
3,465,1
3,478,1
3,489,1
3,1906,1
3,1169,1
3,1444,1
3,241,1
3,671,1
3,597,1
3,764,1
3,282,1
3,1039,1
3,768,1
3,1049,1
3,224,1
3,750,1
3,13908,1
3,702,1
3,946,1
3,784,1
3,1438,1
3,320,1
3,642,1
3,1139,1
3,623,1
3,623,1
3,903,1
3,742,1
3,1544,1
3,164,1
3,2532,1
3,730,1
3,466,1
3,1063,1
3,1102,1
3,132,1
3,2689,1
3,440,1
3,14181,0
3,206,1
3,531,1
3,998,1
3,446,1
3,561,1
3,625,1
3,2095,1
3,413,1
3,9495,1
3,2221,1
3,742,1
3,1787,1
3,309,1
3,650,1
3,902,1
3,782,1
3,923,1
3,362,1
3,707,1
3,12248,0
3,809,1
3,271,1
3,1245,1
3,772,1
3,189,1
3,303,1
3,567,1
3,2168,1
3,334,1
3,1184,1
3,691,1
3,802,1
3,557,1
3,559,1
3,815,1
3,882,1
3,793,1
3,323,1
3,222,1
3,1414,1
3,448,1
3,610,1
3,839,1
3,5026,1
3,16298,1
3,354,1
3,1125,1
3,371,1
3,814,1
3,1299,1
3,952,1
3,512,1
3,499,1
3,1702,1
3,606,1
3,2141,1
3,474,1
3,535,1
4,452,1
4,560,1
4,507,1
4,550,1
4,601,1
4,600,1
4,11311,0
4,14313,1
4,441,1
4,717,1
4,687,1
4,386,1
4,364,0
4,597,1
4,1087,1
4,596,1
4,456,1
4,627,1
4,402,1
4,741,1
4,547,1
4,529,1
4,677,1
4,520,1
4,523,1
4,517,1
4,7795,0
4,563,1
4,902,1
4,357,1
4,1149,1
4,728,1
4,985,1
4,509,1
4,532,1
4,1186,1
4,372,1
4,389,1
4,551,1
4,779,1
4,469,1
4,864,1
4,727,1
4,829,1
4,1022,1
4,872,1
4,670,1
4,712,1
4,787,1
4,782,1
4,478,1
4,586,1
4,759,1
4,714,1
4,427,1
4,1111,1
4,479,1
4,629,1
4,1101,1
4,556,1
4,679,1
4,607,1
4,511,1
4,497,1
4,539,1
4,519,1
4,890,1
4,386,1
4,399,1
4,554,1
4,571,1
4,734,1
4,597,1
4,404,1
4,580,1
4,814,1
4,974,1
4,629,1
4,587,1
4,447,1
4,420,1
4,549,1
4,544,1
4,1617,1
4,1232,1
4,697,1
4,822,1
4,356,1
4,515,1
4,562,1
4,1496,1
4,507,1
4,618,1
4,633,1
4,740,1
4,645,1
4,503,1
4,1214,1
4,816,1
4,15347,0
5,4680,1
5,3881,1
5,3533,1
5,1018,1
5,1530,1
5,1397,1
5,2670,1
5,691,-1
5,3940,1
5,1574,1
5,1358,1
5,3255,1
5,2016,1
5,2183,1
5,911,1
5,1929,1
5,2288,1
5,1677,1
5,3574,1
5,2717,1
5,1495,1
5,2445,1
5,1591,1
5,1820,1
5,1892,1
5,1745,-1
5,1289,1
5,4324,1
5,2175,1
5,1438,1
5,3034,1
5,1870,1
5,2506,1
5,2304,1
5,2299,1
5,2312,1
5,687,-1
5,3185,1
5,1138,-1
5,2094,1
5,3596,1
5,1640,1
5,1950,1
5,2297,1
5,1415,1
5,2164,1
5,3814,1
5,17160,0
5,3485,1
5,877,-1
5,1355,1
5,1498,1
5,1640,1
5,3665,1
5,3447,1
5,1528,1
5,1927,1
5,2014,1
5,4179,1
5,3099,1
5,2690,1
5,997,1
5,4759,1
5,2966,1
5,2101,1
5,1740,1
5,4342,1
5,3348,1
5,559,-1
5,16495,0
5,11240,0
5,2859,1
5,3180,1
5,2150,1
5,3118,1
5,3005,1
5,2152,1
5,4230,1
5,19376,0
5,4060,1
5,1436,1
5,1785,1
5,3723,1
5,3285,1
5,2341,1
5,2495,1
5,2655,1
5,1576,1
5,2207,1
5,3158,1
5,1178,-1
5,6235,1
5,1889,1
5,2398,1
5,2155,1
5,4848,1
5,2818,1
5,1541,1
5,1910,1
5,1022,1
